entrada;tempo
10;.000001
100;.000020
1000;.001503
10000;.203810
100000;25.001033
1000000;2395.794635
