entrada;tempo
10;.000005
100;.000153
1000;.024569
10000;2.520620
100000;259.079962
