entrada;tempo
10;.000006
100;.000225
1000;.035099
10000;4.123426
100000;420.489916
