entrada;tempo
10;0
100;.000021
1000;.001506
10000;.198938
100000;24.171026
1000000;2425.740552
