entrada;tempo
10;.000001
100;.000020
1000;.001642
10000;.210135
100000;25.090887
1000000;2425.740552
