entrada;tempo
10;.000005
100;.000229
1000;.034092
10000;3.958211
100000;405.285934
