entrada;tempo
10;.000005
100;.000136
1000;.021935
10000;2.315302
100000;235.381302
